{
  "lastChecks": {
    "email": 1772138652.765837,
    "teams": 1772137104.743769,
    "calendar": 1772137131.918237,
    "weather": 1772138596.574884
  },
  "lastMaintenance": null
}